"0","#Function to create multiple bar plots in batch"
"0","#create_barplot(dataframe, vector, vector) -> list"
"0","#This function takes in dataframe containing the variables to plot, a vector which should contain all the names of variables to plot, also  vector containing the title of each graphs. Then it returns a list containing all the graphs to plot."
"0","create_barplot <- function(data, variable, titl) {"
"0","  plot_data <- tidyr::drop_na(data.frame(table(data[[variable]])))"
"0","  plot <- ggplot(plot_data, aes(x = Var1, y = Freq)) +"
"0","    geom_bar(stat = ""identity"", fill = ""skyblue"", width = 0.7) +"
"0","    labs(title = titl, x="""", y=""Count"") +"
"0","    theme_minimal() +"
"0","    theme(axis.text.x = element_text(angle = 45, hjust = 1))"
"0","  return(plot)"
"0","}"
