{"chunk_definitions":[{"chunk_id":"c62j4s6tlj30e","expansion_state":0,"options":[],"row":15,"row_count":1,"visible":true},{"chunk_id":"cl2bpf6m5fefz","expansion_state":0,"options":[],"row":19,"row_count":1,"visible":true},{"chunk_id":"c8nnn9od3bz7j","expansion_state":0,"options":[],"row":50,"row_count":1,"visible":true},{"chunk_id":"cqbvfj7d6lqs4","expansion_state":0,"options":[],"row":78,"row_count":1,"visible":true},{"chunk_id":"ctxixhxsz7x9v","expansion_state":0,"options":[],"row":85,"row_count":1,"visible":true},{"chunk_id":"c9hll3jmggtnc","expansion_state":0,"options":[],"row":92,"row_count":1,"visible":true},{"chunk_id":"cfta8zi9qpq7g","expansion_state":0,"options":[],"row":106,"row_count":1,"visible":true},{"chunk_id":"c8t9gv37ojb4t","expansion_state":0,"options":[],"row":120,"row_count":1,"visible":true},{"chunk_id":"c3m4lua1yuz7m","expansion_state":0,"options":[],"row":134,"row_count":1,"visible":true},{"chunk_id":"cs7anlzzhtw8s","expansion_state":0,"options":[],"row":152,"row_count":1,"visible":true},{"chunk_id":"cgwmjdp5e3iz7","expansion_state":0,"options":[],"row":167,"row_count":1,"visible":true},{"chunk_id":"cxn8xa5oq7pxq","expansion_state":0,"options":[],"row":180,"row_count":1,"visible":true},{"chunk_id":"ce2lnrhx9pmz1","expansion_state":0,"options":[],"row":189,"row_count":1,"visible":true},{"chunk_id":"cyob0oeznw8m5","expansion_state":0,"options":[],"row":196,"row_count":1,"visible":true}],"doc_write_time":1710307673.227}
