{"chunk_definitions":[{"row":62,"row_count":1,"visible":true,"expansion_state":0,"options":{"engine":"r","label":"unnamed-chunk-1","dev":"png"},"document_id":"36F8CB8C","chunk_id":"c2qjvr9xzxhgf","chunk_label":"unnamed-chunk-1"},{"row":68,"row_count":1,"visible":true,"expansion_state":0,"options":{"engine":"r","label":"unnamed-chunk-2","dev":"png"},"document_id":"36F8CB8C","chunk_id":"csthzdzch8ftf","chunk_label":"unnamed-chunk-2"},{"row":72,"row_count":1,"visible":true,"expansion_state":0,"options":{"engine":"r","label":"unnamed-chunk-3","dev":"png"},"document_id":"36F8CB8C","chunk_id":"cby4fxux6buxu","chunk_label":"unnamed-chunk-3"},{"row":95,"row_count":1,"visible":true,"expansion_state":0,"options":{"engine":"r","label":"unnamed-chunk-4","dev":"png"},"document_id":"36F8CB8C","chunk_id":"clykutczwbkrb","chunk_label":"unnamed-chunk-4"},{"row":101,"row_count":1,"visible":true,"expansion_state":0,"options":{"engine":"r","label":"unnamed-chunk-5","dev":"png"},"document_id":"36F8CB8C","chunk_id":"cs88ksr6pjtu1","chunk_label":"unnamed-chunk-5"},{"row":178,"row_count":1,"visible":true,"expansion_state":0,"options":{"engine":"r","label":"unnamed-chunk-6","dev":"png"},"document_id":"36F8CB8C","chunk_id":"clulm11quw792","chunk_label":"unnamed-chunk-6"},{"row":183,"row_count":1,"visible":true,"expansion_state":0,"options":{"engine":"r","label":"unnamed-chunk-7","dev":"png"},"document_id":"36F8CB8C","chunk_id":"caffxl96kfmdi","chunk_label":"unnamed-chunk-7"},{"row":198,"row_count":1,"visible":true,"expansion_state":0,"options":{"engine":"r","label":"unnamed-chunk-8","dev":"png"},"document_id":"36F8CB8C","chunk_id":"cl9s9jywco6es","chunk_label":"unnamed-chunk-8"},{"row":213,"row_count":1,"visible":true,"expansion_state":0,"options":{"engine":"r","label":"unnamed-chunk-9","dev":"png"},"document_id":"36F8CB8C","chunk_id":"cemdw9mu9oyqm","chunk_label":"unnamed-chunk-9"},{"row":233,"row_count":1,"visible":true,"expansion_state":0,"options":{"engine":"r","label":"unnamed-chunk-10","dev":"png"},"document_id":"36F8CB8C","chunk_id":"c1y26k74k3n4m","chunk_label":"unnamed-chunk-10"},{"row":268,"row_count":1,"visible":true,"expansion_state":0,"options":{"engine":"r","label":"unnamed-chunk-11","dev":"png"},"document_id":"36F8CB8C","chunk_id":"crmj159h5c72k","chunk_label":"unnamed-chunk-11"},{"row":284,"row_count":1,"visible":true,"expansion_state":0,"options":{"engine":"r","label":"unnamed-chunk-12","dev":"png"},"document_id":"36F8CB8C","chunk_id":"ci9uh67s5veb0","chunk_label":"unnamed-chunk-12"},{"row":299,"row_count":1,"visible":true,"expansion_state":0,"options":{},"document_id":"36F8CB8C","chunk_id":"cs0i48dre2xp4","chunk_label":"unnamed-chunk-13"},{"row":315,"row_count":1,"visible":true,"expansion_state":0,"options":{},"document_id":"36F8CB8C","chunk_id":"ck1b6utagb93u","chunk_label":"unnamed-chunk-14"},{"row":331,"row_count":1,"visible":true,"expansion_state":0,"options":{},"document_id":"36F8CB8C","chunk_id":"c659m35tuy728","chunk_label":"unnamed-chunk-15"},{"row":337,"row_count":1,"visible":true,"expansion_state":0,"options":{},"document_id":"36F8CB8C","chunk_id":"c5bjs49rhaswd","chunk_label":"unnamed-chunk-16"},{"row":368,"row_count":1,"visible":true,"expansion_state":0,"options":{},"document_id":"36F8CB8C","chunk_id":"c5xj8xgwcwtnu","chunk_label":"unnamed-chunk-17"},{"row":376,"row_count":1,"visible":true,"expansion_state":0,"options":{},"document_id":"36F8CB8C","chunk_id":"c8wi3yx25f9q2","chunk_label":"unnamed-chunk-18"},{"row":388,"row_count":1,"visible":true,"expansion_state":0,"options":{},"document_id":"36F8CB8C","chunk_id":"c4gxkh0ttf6l2","chunk_label":"unnamed-chunk-19"},{"row":418,"row_count":1,"visible":true,"expansion_state":0,"options":{},"document_id":"36F8CB8C","chunk_id":"c3qykkk9n5fw2","chunk_label":"unnamed-chunk-20"},{"row":427,"row_count":1,"visible":true,"expansion_state":0,"options":{},"document_id":"36F8CB8C","chunk_id":"cc2quwptkt21b","chunk_label":"unnamed-chunk-21"},{"row":439,"row_count":1,"visible":true,"expansion_state":0,"options":{},"document_id":"36F8CB8C","chunk_id":"cnlzptb40b4c7","chunk_label":"unnamed-chunk-22"},{"row":470,"row_count":1,"visible":true,"expansion_state":0,"options":{},"document_id":"36F8CB8C","chunk_id":"c1gfvo27qn9px","chunk_label":"unnamed-chunk-23"},{"row":480,"row_count":1,"visible":true,"expansion_state":0,"options":{},"document_id":"36F8CB8C","chunk_id":"c2w173h6wj6pa","chunk_label":"unnamed-chunk-24"},{"row":492,"row_count":1,"visible":true,"expansion_state":0,"options":{},"document_id":"36F8CB8C","chunk_id":"cd18zhrky0nnn","chunk_label":"unnamed-chunk-25"},{"row":523,"row_count":1,"visible":true,"expansion_state":0,"options":{},"document_id":"36F8CB8C","chunk_id":"cz1hc7q5x4ysv","chunk_label":"unnamed-chunk-26"},{"row":539,"row_count":1,"visible":true,"expansion_state":0,"options":{},"document_id":"36F8CB8C","chunk_id":"c09pmmpuyjykc","chunk_label":"unnamed-chunk-27"},{"row":570,"row_count":1,"visible":true,"expansion_state":0,"options":{},"document_id":"36F8CB8C","chunk_id":"c3ixleqq8qitl","chunk_label":"unnamed-chunk-28"},{"row":578,"row_count":1,"visible":true,"expansion_state":0,"options":{},"document_id":"36F8CB8C","chunk_id":"cb3g1l3ht115k","chunk_label":"unnamed-chunk-29"},{"row":594,"row_count":1,"visible":true,"expansion_state":0,"options":{},"document_id":"36F8CB8C","chunk_id":"ct0hy4yrdntwn","chunk_label":"unnamed-chunk-30"},{"row":602,"row_count":1,"visible":true,"expansion_state":0,"options":{},"document_id":"36F8CB8C","chunk_id":"cae6r27lfftzc","chunk_label":"unnamed-chunk-31"},{"row":609,"row_count":1,"visible":true,"expansion_state":0,"options":{},"document_id":"36F8CB8C","chunk_id":"czsfe5sg7aoz9","chunk_label":"unnamed-chunk-32"},{"row":614,"row_count":1,"visible":true,"expansion_state":0,"options":{},"document_id":"36F8CB8C","chunk_id":"cg3uecccbw5qe","chunk_label":"unnamed-chunk-33"},{"row":619,"row_count":1,"visible":true,"expansion_state":0,"options":{},"document_id":"36F8CB8C","chunk_id":"c7t78y6lzacie","chunk_label":"unnamed-chunk-34"},{"row":624,"row_count":1,"visible":true,"expansion_state":0,"options":{},"document_id":"36F8CB8C","chunk_id":"crgqkhj9svmo7","chunk_label":"unnamed-chunk-35"},{"row":629,"row_count":1,"visible":true,"expansion_state":0,"options":{},"document_id":"36F8CB8C","chunk_id":"ccwdl6uw2jbjz","chunk_label":"unnamed-chunk-36"},{"row":633,"row_count":1,"visible":true,"expansion_state":0,"options":{},"document_id":"36F8CB8C","chunk_id":"cok3i40z6n0st","chunk_label":"unnamed-chunk-37"},{"row":668,"row_count":1,"visible":true,"expansion_state":0,"options":{},"document_id":"36F8CB8C","chunk_id":"cpgohy83x4o3t","chunk_label":"unnamed-chunk-38"},{"row":683,"row_count":1,"visible":true,"expansion_state":0,"options":{},"document_id":"36F8CB8C","chunk_id":"c4b6r3kxx0c23","chunk_label":"unnamed-chunk-39"},{"row":698,"row_count":1,"visible":true,"expansion_state":0,"options":{},"document_id":"36F8CB8C","chunk_id":"c0lzu39rjxndt","chunk_label":"unnamed-chunk-40"},{"row":704,"row_count":1,"visible":true,"expansion_state":0,"options":{},"document_id":"36F8CB8C","chunk_id":"ct3w03g38ju02","chunk_label":"unnamed-chunk-41"},{"row":709,"row_count":1,"visible":true,"expansion_state":0,"options":{},"document_id":"36F8CB8C","chunk_id":"cm910j0jtrx2m","chunk_label":"unnamed-chunk-42"},{"row":716,"row_count":1,"visible":true,"expansion_state":0,"options":{},"document_id":"36F8CB8C","chunk_id":"cbaaaz3is71ee","chunk_label":"unnamed-chunk-43"},{"row":725,"row_count":1,"visible":true,"expansion_state":0,"options":{},"document_id":"36F8CB8C","chunk_id":"cvyw554h9n1k0","chunk_label":"unnamed-chunk-44"},{"row":735,"row_count":1,"visible":true,"expansion_state":0,"options":{},"document_id":"36F8CB8C","chunk_id":"cnaojx13wkbzg","chunk_label":"unnamed-chunk-45"},{"row":740,"row_count":1,"visible":true,"expansion_state":0,"options":{},"document_id":"36F8CB8C","chunk_id":"chln8fiv83973","chunk_label":"unnamed-chunk-46"},{"row":748,"row_count":1,"visible":true,"expansion_state":0,"options":{},"document_id":"36F8CB8C","chunk_id":"cl3l2gtr1cfk8","chunk_label":"unnamed-chunk-47"},{"row":755,"row_count":1,"visible":true,"expansion_state":0,"options":{},"document_id":"36F8CB8C","chunk_id":"cixsiocaxj8ps","chunk_label":"unnamed-chunk-48"},{"row":761,"row_count":1,"visible":true,"expansion_state":0,"options":{},"document_id":"36F8CB8C","chunk_id":"cx8x59oe19jge","chunk_label":"unnamed-chunk-49"},{"row":764,"row_count":1,"visible":true,"expansion_state":0,"options":{},"document_id":"36F8CB8C","chunk_id":"ceewdciauyg05","chunk_label":"unnamed-chunk-50"},{"row":777,"row_count":1,"visible":true,"expansion_state":0,"options":{},"document_id":"36F8CB8C","chunk_id":"c4vrdgdphn099","chunk_label":"unnamed-chunk-51"},{"row":782,"row_count":1,"visible":true,"expansion_state":0,"options":{},"document_id":"36F8CB8C","chunk_id":"c8vcy31ejtaaf","chunk_label":"unnamed-chunk-52"},{"row":796,"row_count":1,"visible":true,"expansion_state":0,"options":{},"document_id":"36F8CB8C","chunk_id":"cek9i94xzdrod","chunk_label":"unnamed-chunk-53"},{"row":802,"row_count":1,"visible":true,"expansion_state":0,"options":{},"document_id":"36F8CB8C","chunk_id":"coztg2kw3g0us","chunk_label":"unnamed-chunk-54"},{"row":808,"row_count":1,"visible":true,"expansion_state":0,"options":{},"document_id":"36F8CB8C","chunk_id":"cwydnavvxg8xn","chunk_label":"unnamed-chunk-55"},{"row":813,"row_count":1,"visible":true,"expansion_state":0,"options":{},"document_id":"36F8CB8C","chunk_id":"c0ojo3u7uxojc","chunk_label":"unnamed-chunk-56"},{"row":818,"row_count":1,"visible":true,"expansion_state":0,"options":{},"document_id":"36F8CB8C","chunk_id":"c56tplwnrls7m","chunk_label":"unnamed-chunk-57"},{"row":849,"row_count":1,"visible":true,"expansion_state":0,"options":{},"document_id":"36F8CB8C","chunk_id":"csx0cs4dmjbtf","chunk_label":"unnamed-chunk-58"},{"row":855,"row_count":1,"visible":true,"expansion_state":0,"options":{},"document_id":"36F8CB8C","chunk_id":"czjpnp2lfvy38","chunk_label":"unnamed-chunk-59"},{"row":861,"row_count":1,"visible":true,"expansion_state":0,"options":{},"document_id":"36F8CB8C","chunk_id":"cpgve6bwj9ztg","chunk_label":"unnamed-chunk-60"},{"row":866,"row_count":1,"visible":true,"expansion_state":0,"options":{},"document_id":"36F8CB8C","chunk_id":"c755kw2cdlobr","chunk_label":"unnamed-chunk-61"},{"row":878,"row_count":1,"visible":true,"expansion_state":0,"options":{},"document_id":"36F8CB8C","chunk_id":"c33nzgdagmxbz","chunk_label":"unnamed-chunk-62"}],"doc_write_time":1714674566}