"0","#Plotting bar plot for physician's demographic variables"
"0",""
"0","variables_to_plot <- c(""MDDO"", ""SPECCAT"", ""PHYSEX"", ""PAGE50"", ""OWNS1"", ""PSIZECAT_P"")"
"0","titles <- c(""Type of doctor"", ""Physician specialty"", ""Physician Sex"", ""Physican Age group"", ""Type of business/service"",""Number of physicians at the reporting location"")"
"0",""
"0","physician.plots <- lapply(1:length(variables_to_plot), function(i) {"
"0","  create_barplot(nehrs2021.recoded, variables_to_plot[i], "
"0","                 titl = titles[i])"
"0","})"
"0",""
"0","physician.plots"
"1","[[1]]
"
"1","
"
"1","[[2]]
"
"1","
"
"1","[[3]]
"
"1","
"
"1","[[4]]
"
"1","
"
"1","[[5]]
"
"1","
"
"1","[[6]]
"
"1","
"
