{"chunk_definitions":[{"chunk_id":"ccwdaqqzvi17o","expansion_state":0,"options":[],"row":62,"row_count":1,"visible":true},{"chunk_id":"c5pa7r17i7l83","expansion_state":0,"options":[],"row":68,"row_count":1,"visible":true},{"chunk_id":"cau81bspzii6b","expansion_state":0,"options":[],"row":72,"row_count":1,"visible":true},{"chunk_id":"c6n6p2nj49p19","expansion_state":0,"options":[],"row":95,"row_count":1,"visible":true},{"chunk_id":"ctrc7rl5mgws3","expansion_state":0,"options":[],"row":101,"row_count":1,"visible":true},{"chunk_id":"ckcgr70t5o8ce","expansion_state":0,"options":[],"row":178,"row_count":1,"visible":true},{"chunk_id":"c69a55twwf39h","expansion_state":0,"options":[],"row":183,"row_count":1,"visible":true},{"chunk_id":"c53rkf7alm5qf","expansion_state":0,"options":[],"row":198,"row_count":1,"visible":true},{"chunk_id":"ch6n7pgvlz3bk","expansion_state":0,"options":[],"row":213,"row_count":1,"visible":true},{"chunk_id":"cti5tr4uepxza","expansion_state":0,"options":[],"row":233,"row_count":1,"visible":true},{"chunk_id":"cypxn7groiu34","expansion_state":0,"options":[],"row":252,"row_count":1,"visible":true},{"chunk_id":"cu50bramw4zir","expansion_state":0,"options":[],"row":268,"row_count":1,"visible":true},{"chunk_id":"cu1g7r092wipp","expansion_state":0,"options":[],"row":283,"row_count":1,"visible":true},{"chunk_id":"c1j25bc159zmu","expansion_state":0,"options":[],"row":299,"row_count":1,"visible":true},{"chunk_id":"cbwn9edwaasqo","expansion_state":0,"options":[],"row":315,"row_count":1,"visible":true},{"chunk_id":"cs0ny8n7hblqf","expansion_state":0,"options":[],"row":321,"row_count":1,"visible":true},{"chunk_id":"c7yma2z59ra0g","expansion_state":0,"options":[],"row":352,"row_count":1,"visible":true},{"chunk_id":"cwoz6wdydvoxp","expansion_state":0,"options":[],"row":360,"row_count":1,"visible":true},{"chunk_id":"cpi59zz9alvbe","expansion_state":0,"options":[],"row":372,"row_count":1,"visible":true},{"chunk_id":"cif04ao23mug0","expansion_state":0,"options":[],"row":402,"row_count":1,"visible":true},{"chunk_id":"cwgq7bm78v9ao","expansion_state":0,"options":[],"row":411,"row_count":1,"visible":true},{"chunk_id":"ciw7rod7xv3df","expansion_state":0,"options":[],"row":423,"row_count":1,"visible":true},{"chunk_id":"c031iw1c6i0s1","expansion_state":0,"options":[],"row":454,"row_count":1,"visible":true},{"chunk_id":"cxiu5qt4gj1nq","expansion_state":0,"options":[],"row":464,"row_count":1,"visible":true},{"chunk_id":"cjpsanjhy6lr8","expansion_state":0,"options":[],"row":476,"row_count":1,"visible":true},{"chunk_id":"cvbrfzbcizhj0","expansion_state":0,"options":[],"row":507,"row_count":1,"visible":true},{"chunk_id":"cmszc0cz3ig03","expansion_state":0,"options":[],"row":523,"row_count":1,"visible":true},{"chunk_id":"ca25eapuu3jj9","expansion_state":0,"options":[],"row":554,"row_count":1,"visible":true},{"chunk_id":"cdrgaafissusw","expansion_state":0,"options":[],"row":562,"row_count":1,"visible":true},{"chunk_id":"cjoi0392t1ky9","expansion_state":0,"options":[],"row":578,"row_count":1,"visible":true},{"chunk_id":"cwi0e2zrw0p2i","expansion_state":0,"options":[],"row":586,"row_count":1,"visible":true},{"chunk_id":"comchu3un77hp","expansion_state":0,"options":[],"row":593,"row_count":1,"visible":true},{"chunk_id":"cqnis8lvnoeem","expansion_state":0,"options":[],"row":598,"row_count":1,"visible":true},{"chunk_id":"co1ur2wcahm59","expansion_state":0,"options":[],"row":603,"row_count":1,"visible":true},{"chunk_id":"cy3bsfq5dpsr8","expansion_state":0,"options":[],"row":608,"row_count":1,"visible":true},{"chunk_id":"crq61e9pi0kdi","expansion_state":0,"options":[],"row":613,"row_count":1,"visible":true},{"chunk_id":"casq5xxk9zvnn","expansion_state":0,"options":[],"row":617,"row_count":1,"visible":true},{"chunk_id":"csgpspqqtqq0t","expansion_state":0,"options":[],"row":652,"row_count":1,"visible":true},{"chunk_id":"cakqbeyw4j3a6","expansion_state":0,"options":[],"row":667,"row_count":1,"visible":true},{"chunk_id":"cojn9rxdxjr38","expansion_state":0,"options":[],"row":682,"row_count":1,"visible":true},{"chunk_id":"crpvrb7a4siru","expansion_state":0,"options":[],"row":688,"row_count":1,"visible":true},{"chunk_id":"cf9rg8nz2obpd","expansion_state":0,"options":[],"row":693,"row_count":1,"visible":true},{"chunk_id":"ccn8cn77i51h7","expansion_state":0,"options":[],"row":700,"row_count":1,"visible":true},{"chunk_id":"cpm6951dkbtp2","expansion_state":0,"options":[],"row":709,"row_count":1,"visible":true},{"chunk_id":"ccb832zk1rf4e","expansion_state":0,"options":[],"row":719,"row_count":1,"visible":true},{"chunk_id":"c8ezvw54accne","expansion_state":0,"options":[],"row":724,"row_count":1,"visible":true},{"chunk_id":"cy1b5hkh0czra","expansion_state":0,"options":[],"row":732,"row_count":1,"visible":true},{"chunk_id":"ca63xh943ndwb","expansion_state":0,"options":[],"row":739,"row_count":1,"visible":true},{"chunk_id":"ciimx0fjqrjp1","expansion_state":0,"options":[],"row":745,"row_count":1,"visible":true},{"chunk_id":"cvc77s6m7mmp2","expansion_state":0,"options":[],"row":748,"row_count":1,"visible":true},{"chunk_id":"c1yr1o23ei5e8","expansion_state":0,"options":[],"row":761,"row_count":1,"visible":true},{"chunk_id":"cwhyeq43q5uir","expansion_state":0,"options":[],"row":766,"row_count":1,"visible":true},{"chunk_id":"cp7b2pcg15xic","expansion_state":0,"options":[],"row":780,"row_count":1,"visible":true},{"chunk_id":"cffdgdv696ohb","expansion_state":0,"options":[],"row":786,"row_count":1,"visible":true},{"chunk_id":"cn1p55jjtolm6","expansion_state":0,"options":[],"row":792,"row_count":1,"visible":true},{"chunk_id":"cx4zbo1qirt17","expansion_state":0,"options":[],"row":797,"row_count":1,"visible":true},{"chunk_id":"ceo1og30o355h","expansion_state":0,"options":[],"row":802,"row_count":1,"visible":true},{"chunk_id":"ceujhym1ajlux","expansion_state":0,"options":[],"row":833,"row_count":1,"visible":true},{"chunk_id":"caljfa1k9lo0y","expansion_state":0,"options":[],"row":839,"row_count":1,"visible":true},{"chunk_id":"cjnmqyfon38sb","expansion_state":0,"options":[],"row":845,"row_count":1,"visible":true},{"chunk_id":"camv8cyiwzieu","expansion_state":0,"options":[],"row":850,"row_count":1,"visible":true},{"chunk_id":"c59i2uyge8ag6","expansion_state":0,"options":[],"row":862,"row_count":1,"visible":true}],"doc_write_time":1714618800.23669}
