"0","```r
#Function to create multiple bar plots in batch
#create_barplot(dataframe, vector, vector) -> list
#This function takes in dataframe containing the variables to plot, a vector which should contain all the names of variables to plot, also  vector containing the title of each graphs. Then it returns a list containing all the graphs to plot.
create_barplot <- function(data, variable, titl) {
  plot_data <- tidyr::drop_na(data.frame(table(data[[variable]])))
  plot <- ggplot(plot_data, aes(x = Var1, y = Freq)) +
    geom_bar(stat = \"identity\", fill = \"skyblue\", width = 0.7) +
    labs(title = titl, x=\"\", y=\"Count\") +
    theme_minimal() +
    theme(axis.text.x = element_text(angle = 45, hjust = 1))
  return(plot)
}
```"
