"0","```r
#Selecting required columns, re-coding through mutate, and renaming column names. We have assigned new dataframe vote.cleaned after mutating.

vote.cleaned <- voting.data %>% 
  select( \"pew1a\", \"pew1b\", \"race\", \"sex\", \"mstatus\", \"ownhome\", \"employ\", \"polparty\") %>% 
  zap_labels() %>% 
  mutate(pew1a = recode_factor(.x=pew1a, `1` = 'Register to vote', `2` = 'Make easy to vote', `5` = NA_character_, `9` = NA_character_)) %>% 
  rename(easy.vote = pew1a) %>%
  mutate(pew1b = recode_factor(.x=pew1b, `1` = 'Require to vote',`2` = 'Choose to vote',`5` = NA_character_,`9` = NA_character_)) %>% 
  rename(require.vote = pew1b) %>% 
  mutate(race = recode_factor(.x=race, `1` = 'White non-Hispanic',
                              `2` = 'Black non-Hispanic',
                              `3` = 'Hispanic',
                              `4` = 'Hispanic',
                              `5` = 'Hispanic',
                              `6` = 'Other',
                              `7` = 'Other',
                              `8` = 'Other',
                              `9` = 'Other',
                              `10` = 'Other',
                              `99` = NA_character_)) %>% 
  mutate(sex = recode_factor(.x= sex, `1` = 'Male', `2` = 'Female')) %>% 
  mutate(ownhome = recode_factor(.x=ownhome, `1` = 'Owned',
                                 `2` = 'Rented',
                                 `8` = NA_character_,
                                 `9` = NA_character_))

summary(vote.cleaned)
```"
