"0","#Plotting bar plot to determine Satisfied with spent time on documenting with the availability of staff support"
"0","Staff.timedoc <- nehrs2021.recoded %>% "
"0","  drop_na(STAFFSUP,TIMEDOC) %>% "
"0","  ggplot(aes(x=TIMEDOC, fill=STAFFSUP)) +"
"0","  geom_bar(position=""dodge"")+"
"0","  labs(title=""Satisfied with spent time on documenting (With the availability of staff support)"","
"0","       x="""","
"0","       y=""Count"","
"0","       fill=""Staff support(Yes/No)"") +"
"0","  theme_minimal()"
"0","print(Staff.timedoc)"
