"0","#Re-coding variables as per https://www.cdc.gov/nchs/data/nehrs/2021-NEHRS-public-use-file-layout-508.pdf "
"0","nehrs2021.recoded <- nehrs2021.selcol %>% "
"0","  mutate(OWNS1 = recode_factor(.x=OWNS1, `1`='Physician',"
"0","                               `2`='Insurance, health plan or Health Maintenance Org.',"
"0","                               `3`='Community Health Center',"
"0","                               `4`='Medical or Academic health center',"
"0","                               `5`='Other hospital',"
"0","                               `6`='Other health care corporation',"
"0","                               `7`= NA_character_,"
"0","                               `-9` = NA_character_)) %>%"
"0","  mutate(MDDO = recode_factor(.x=MDDO, `1`='MD', `2`='DO')) %>%"
"0","  mutate(SPECCAT = recode_factor(.x=SPECCAT, `1`='Primary care specialty',"
"0","                                 `2`='Surgical specialty',"
"0","                                 `3`='Medical specialty')) %>%"
"0","  mutate(PHYSEX = recode_factor(.x=PHYSEX, `1`='Male', `2`='Female')) %>%"
"0","  mutate(PAGE50 = recode_factor(.x=PAGE50, `1`=""Age under 50"", `2`=""Above 50"")) %>% "
"0","  mutate(EHRNAME = recode_factor(.x=EHRNAME, `1`='Allscripts',"
"0","                              `2`='athenahealth',"
"0","                              `3`='Cerner',"
"0","                              `4`='eClinicalWorks',"
"0","                              `5`='e-MDs',"
"0","                              `6`='Epic',"
"0","                              `7`='Modernizing Med',"
"0","                              `8`='NextGen',"
"0","                              `9`='Practice Fusion',"
"0","                              `10`='Greenway',"
"0","                              `11`=NA_character_,"
"0","                              `12`=NA_character_,"
"0","                              `-7`=NA_character_,"
"0","                              `-9`=NA_character_)) %>%"
"0","  mutate(EHRSAT = recode_factor(.x=EHRSAT, `1`='Very satisfied',"
"0","                                `2`='Somewhat satisfied',"
"0","                                `3`=""Neutral"","
"0","                                `4`='Somewhat dissatisfied',"
"0","                                `5`='Very dissatisfied',"
"0","                                `6`= NA_character_,"
"0","                                `-7`=NA_character_,"
"0","                                `-9`=NA_character_)) %>% "
"0","  mutate(ECPOE =recode_factor(.x=ECPOE, `1`='Yes',"
"0","                              `2`='No',"
"0","                              `-7`=NA_character_,"
"0","                              `-8`=NA_character_,"
"0","                              `-9`=NA_character_)) %>%"
"0","  mutate(ESCRIP =recode_factor(.x=ESCRIP, `1`='Yes',"
"0","                              `2`='No',"
"0","                              `-7`=NA_character_,"
"0","                              `-8`=NA_character_,"
"0","                              `-9`=NA_character_)) %>%"
"0","  mutate(TIMEOUT = round(as.numeric(hms(TIMEOUT)))) %>% "
"0","  mutate(TIMEOUT = recode_factor(.x=TIMEOUT, `1`='None',"
"0","                                  `2`='Less than 1 hour',"
"0","                                 `3`='1 to 2 hours',"
"0","                                 `4`='More than 2 hours to 4 hours',"
"0","                                 `5`='More than 4 hours',"
"0","                                 `-9`=NA_character_)) %>% "
"0","  mutate(STAFFSUP = recode_factor(.x=STAFFSUP, `1`=""Yes"",`2`=""No"",`-9`=NA_character_)) %>% "
"0","  mutate(EASEDOC = recode_factor(.x=EASEDOC, `1`='Very easy',"
"0","                                 `2`='Somewhat easy',"
"0","                                 `3`='Somewhat difficult',"
"0","                                 `4`='Very difficult',"
"0","                                 `5`= NA_character_,"
"0","                                 `-9`=NA_character_)) %>% "
"0","  mutate(TIMEDOC=recode_factor(.x=TIMEDOC, `1`='Strongly agree',"
"0","                               `2`='Somewhat agree',"
"0","                               `3`='Somewhat disagree',"
"0","                               `4`='Strongly disagree',"
"0","                               `5`=NA_character_,"
"0","                               `-9`=NA_character_)) %>%"
"0","  mutate(PSIZECAT_P = recode_factor(.x=PSIZECAT_P, `1`='1 physician',"
"0","                                    `2`='2-3 physicians',"
"0","                                    `3`='4-10 physicians',"
"0","                                    `4`='11-50 physicians',"
"0","                                    `5`='More than 50 physicians')) %>% "
"0","  mutate(TELEMEDTOOL4 = recode_factor(.x=TELEMEDTOOL4, `0` = 'No', `1` = 'Yes', `-7` = NA_character_))"
