"0","```r
#Prediction with new data on the final model
example_data <- data.frame(PAGE50 = c(\"Age under 50\", \"Age under 50\", \"Above 50\"),
                           EHRNAME = c(\"Epic\", \"Modernizing Med\", \"e-MDs\"),
                           OWNS1 = c(\"Physician\", \"Community Health Center\", \"Other hospital\"),
                           SPECCAT = \"Surgical specialty\", \"Medical speciality\", \"Surgical specialty\")
predict(object = out.staff.sliced, newdata = example_data, type = \"response\")
```"
"1","        1         2         3 
0.6232572 0.5372007 0.7250157 
"
