"0","#Plotting bar plot for EHR use parameters"
"0",""
"0","variables_to_plot <- c(""EHRNAME"",""TELEMEDTOOL4"",""ECPOE"", ""ESCRIP"",""STAFFSUP"",""EASEDOC"",""EHRSAT"",""TIMEDOC"", ""TIMEOUT"")"
"0","titles <- c(""Primary EHR"", ""Telemedicine platform integrated with EHR"",""Use EHR to order prescription"", ""Use EHR to send prescription to pharmacy"", ""Availability of Staff support for clinical documentation in EHR"", ""Difficulty of documentation in EHR"", ""EHR Satisfaction"", ""Satisfaction with the time spent in documenting on EHR"", ""Worked on extra office hours for documenting in EHR"")"
"0",""
"0","EHR.plots <- lapply(1:length(variables_to_plot), function(i) {"
"0","  create_barplot(nehrs2021.recoded, variables_to_plot[i], titl = titles[i])"
"0","})"
"0",""
"0","EHR.plots"
"1","[[1]]
"
"1","
"
"1","[[2]]
"
"1","
"
"1","[[3]]
"
"1","
"
"1","[[4]]
"
"1","
"
"1","[[5]]
"
"1","
"
"1","[[6]]
"
"1","
"
"1","[[7]]
"
"1","
"
"1","[[8]]
"
"1","
"
"1","[[9]]
"
"1","
"
