"0","```r
#Re-coding variables as per https://www.cdc.gov/nchs/data/nehrs/2021-NEHRS-public-use-file-layout-508.pdf 
nehrs2021.recoded <- nehrs2021.selcol %>% 
  mutate(OWNS1 = recode_factor(.x=OWNS1, `1`='Physician',
                               `2`='Insurance, health plan or Health Maintenance Org.',
                               `3`='Community Health Center',
                               `4`='Medical or Academic health center',
                               `5`='Other hospital',
                               `6`='Other health care corporation',
                               `7`= NA_character_,
                               `-9` = NA_character_)) %>%
  mutate(MDDO = recode_factor(.x=MDDO, `1`='MD', `2`='DO')) %>%
  mutate(SPECCAT = recode_factor(.x=SPECCAT, `1`='Primary care specialty',
                                 `2`='Surgical specialty',
                                 `3`='Medical specialty')) %>%
  mutate(PHYSEX = recode_factor(.x=PHYSEX, `1`='Male', `2`='Female')) %>%
  mutate(PAGE50 = recode_factor(.x=PAGE50, `1`=\"Age under 50\", `2`=\"Above 50\")) %>% 
  mutate(EHRNAME = recode_factor(.x=EHRNAME, `1`='Allscripts',
                              `2`='athenahealth',
                              `3`='Cerner',
                              `4`='eClinicalWorks',
                              `5`='e-MDs',
                              `6`='Epic',
                              `7`='Modernizing Med',
                              `8`='NextGen',
                              `9`='Practice Fusion',
                              `10`='Greenway',
                              `11`=NA_character_,
                              `12`=NA_character_,
                              `-7`=NA_character_,
                              `-9`=NA_character_)) %>%
  mutate(EHRSAT = recode_factor(.x=EHRSAT, `1`='Very satisfied',
                                `2`='Somewhat satisfied',
                                `3`=\"Neutral\",
                                `4`='Somewhat dissatisfied',
                                `5`='Very dissatisfied',
                                `6`= NA_character_,
                                `-7`=NA_character_,
                                `-9`=NA_character_)) %>% 
  mutate(ECPOE =recode_factor(.x=ECPOE, `1`='Yes',
                              `2`='No',
                              `-7`=NA_character_,
                              `-8`=NA_character_,
                              `-9`=NA_character_)) %>%
  mutate(ESCRIP =recode_factor(.x=ESCRIP, `1`='Yes',
                              `2`='No',
                              `-7`=NA_character_,
                              `-8`=NA_character_,
                              `-9`=NA_character_)) %>%
  mutate(TIMEOUT = round(as.numeric(hms(TIMEOUT)))) %>% 
  mutate(TIMEOUT = recode_factor(.x=TIMEOUT, `1`='None',
                                  `2`='Less than 1 hour',
                                 `3`='1 to 2 hours',
                                 `4`='More than 2 hours to 4 hours',
                                 `5`='More than 4 hours',
                                 `-9`=NA_character_)) %>% 
  mutate(STAFFSUP = recode_factor(.x=STAFFSUP, `1`=\"Yes\",`2`=\"No\",`-9`=NA_character_)) %>% 
  mutate(EASEDOC = recode_factor(.x=EASEDOC, `1`='Very easy',
                                 `2`='Somewhat easy',
                                 `3`='Somewhat difficult',
                                 `4`='Very difficult',
                                 `5`= NA_character_,
                                 `-9`=NA_character_)) %>% 
  mutate(TIMEDOC=recode_factor(.x=TIMEDOC, `1`='Strongly agree',
                               `2`='Somewhat agree',
                               `3`='Somewhat disagree',
                               `4`='Strongly disagree',
                               `5`=NA_character_,
                               `-9`=NA_character_)) %>%
  mutate(PSIZECAT_P = recode_factor(.x=PSIZECAT_P, `1`='1 physician',
                                    `2`='2-3 physicians',
                                    `3`='4-10 physicians',
                                    `4`='11-50 physicians',
                                    `5`='More than 50 physicians')) %>% 
  mutate(TELEMEDTOOL4 = recode_factor(.x=TELEMEDTOOL4, `0` = 'No', `1` = 'Yes', `-7` = NA_character_))
```"
